model,accuracy,precision,recall,f1,rmse,roc_auc
TunedRandomForest,0.7622427253371186,0.536178107606679,0.7727272727272727,0.6330777656078861,0.48760360402983227,0.8435958045932469
LogisticRegression,0.8041163946061036,0.6540880503144654,0.5561497326203209,0.6011560693641619,0.4425873985936522,0.8423157405254592
GradientBoosting,0.8019872249822569,0.6621160409556314,0.5187165775401069,0.5817091454272864,0.44498626385287793,0.8438967681934434
RandomForest,0.7863733144073811,0.627177700348432,0.48128342245989303,0.5446293494704992,0.4621976693933223,0.8241184220723863
